"Country or Area","Year","Unit","Value","Value Footnotes"
"Algeria","2005","Metric tons","418",""
"Algeria","2004","Metric tons","566.3",""
"Algeria","2003","Metric tons","782.1",""
"Algeria","2002","Metric tons","800",""
"Algeria","2001","Metric tons","800",""
"Algeria","2000","Metric tons","900",""
"Algeria","1999","Metric tons","1500",""
"Algeria","1998","Metric tons","3000",""
"Algeria","1997","Metric tons","1600",""
"Algeria","1996","Metric tons","2000",""
"Algeria","1995","Metric tons","3600",""
"Armenia","2016","Metric tons","0",""
"Armenia","2015","Metric tons","0",""
"Armenia","2014","Metric tons","0.4",""
"Armenia","2013","Metric tons","1.8",""
"Armenia","2012","Metric tons","4.8",""
"Armenia","2011","Metric tons","0",""
"Armenia","2010","Metric tons","0",""
"Armenia","2009","Metric tons","2.5",""
"Armenia","2008","Metric tons","16",""
"Armenia","2007","Metric tons","39",""
"Armenia","2006","Metric tons","42",""
"Armenia","2005","Metric tons","57",""
"Armenia","2004","Metric tons","58",""
"Armenia","2003","Metric tons","99",""
"Armenia","2002","Metric tons","53",""
"Armenia","2001","Metric tons","34",""
"Armenia","2000","Metric tons","46",""
"Armenia","1999","Metric tons","24",""
"Australia","2007","Metric tons","7738","1"
"Australia","2006","Metric tons","8091","1"
"Australia","2005","Metric tons","12019","1"
"Australia","2004","Metric tons","12925.04","1"
"Australia","2003","Metric tons","14545.65","1"
"Australia","2002","Metric tons","15814.92","1"
"Australia","2001","Metric tons","16325.63","1"
"Australia","2000","Metric tons","19020.27","1"
"Australia","1999","Metric tons","17668.47","1"
"Australia","1998","Metric tons","18077","1"
"Azerbaijan","2016","Metric tons","0",""
"Azerbaijan","2016","Mil. USD","0",""
"Azerbaijan","2015","Metric tons","0",""
"Azerbaijan","2015","Mil. USD","0",""
"Azerbaijan","2014","Metric tons","0",""
"Azerbaijan","2014","Mil. USD","0",""
"Azerbaijan","2013","Metric tons","0",""
"Azerbaijan","2013","Mil. USD","0",""
"Azerbaijan","2012","Metric tons","0",""
"Azerbaijan","2012","Mil. USD","0",""
"Azerbaijan","2011","Metric tons","0",""
"Azerbaijan","2011","Mil. USD","0",""
"Azerbaijan","2010","Metric tons","0",""
"Azerbaijan","2010","Mil. USD","0",""
"Azerbaijan","2009","Metric tons","0.1",""
"Azerbaijan","2009","Mil. USD","0.00087088145644556",""
"Azerbaijan","2008","Metric tons","1.2",""
"Azerbaijan","2008","Mil. USD","0.00243421657842177",""
"Azerbaijan","2007","Metric tons","3.2",""
"Azerbaijan","2007","Mil. USD","0.00629279825139902",""
"Azerbaijan","2006","Metric tons","3.1",""
"Azerbaijan","2006","Mil. USD","0.0447705230875991",""
"Azerbaijan","2005","Metric tons","15.8",""
"Azerbaijan","2005","Mil. USD","0.0211545967352111",""
"Azerbaijan","2004","Metric tons","2.7",""
"Azerbaijan","2004","Mil. USD","0.00407043687490174",""
"Azerbaijan","2003","Metric tons","1.1",""
"Azerbaijan","2003","Mil. USD","0.00814542848008341",""
"Azerbaijan","2002","Metric tons","8.3",""
"Azerbaijan","2002","Mil. USD","0.00102863285264749",""
"Azerbaijan","2001","Metric tons","0",""
"Azerbaijan","2001","Mil. USD","0",""
"Azerbaijan","2000","Metric tons","1.8",""
"Azerbaijan","2000","Mil. USD","0.00335258930250218",""
"Belarus","2016","Metric tons","739",""
"Belarus","2015","Metric tons","554",""
"Belarus","2014","Metric tons","969",""
"Belarus","2013","Metric tons","1451",""
"Belarus","2012","Metric tons","1339",""
"Belarus","2011","Metric tons","1741",""
"Belarus","2010","Metric tons","2192",""
"Belarus","2009","Metric tons","2453",""
"Belarus","2008","Metric tons","2744",""
"Belarus","2007","Metric tons","3393",""
"Belarus","2006","Metric tons","3074",""
"Belarus","2005","Metric tons","3156",""
"Belarus","2004","Metric tons","8002","2"
"Belarus","2003","Metric tons","9386","2"
"Belarus","2002","Metric tons","8615","2"
"Belarus","2001","Metric tons","12259","2"
"Belarus","2000","Metric tons","14225","2"
"Belarus","1999","Metric tons","16224","2"
"Belarus","1998","Metric tons","16238","2"
"Belarus","1997","Metric tons","15468","2"
"Belarus","1996","Metric tons","12750","2"
"Belarus","1995","Metric tons","11845","2"
"Bolivia (Plurinational State of)","2012","Metric tons","397.177215781",""
"Bolivia (Plurinational State of)","2012","Mil. USD","4.38985054527323",""
"Brazil","2015","Metric tons","2607.888",""
"Brazil","2015","Mil. USD","4.71176757190531",""
"Brazil","2014","Metric tons","1382.674",""
"Brazil","2014","Mil. USD","2.12791892003449",""
"Brazil","2013","Metric tons","1647.335",""
"Brazil","2013","Mil. USD","3.22677937355847",""
"Brazil","2012","Metric tons","2203.044",""
"Brazil","2012","Mil. USD","2.91891665774007",""
"Brazil","2011","Metric tons","1231.306",""
"Brazil","2011","Mil. USD","4.97176401565343",""
"Brazil","2010","Metric tons","1416.365",""
"Brazil","2010","Mil. USD","5.28833318867402",""
"Brazil","2009","Metric tons","3805.752",""
"Brazil","2009","Mil. USD","9.43291699763361",""
"Brazil","2008","Metric tons","11664.792",""
"Brazil","2008","Mil. USD","18.7235549779143",""
"Brazil","2007","Metric tons","15194.663",""
"Brazil","2007","Mil. USD","21.5471556664541",""
"Brazil","2006","Metric tons","17196.698",""
"Brazil","2006","Mil. USD","35.6458899659514",""
"Brazil","2005","Metric tons","18587.758",""
"Brazil","2005","Mil. USD","28.9988136450275",""
"Brazil","2004","Metric tons","35094.742",""
"Brazil","2004","Mil. USD","32.5768792162562",""
"Brazil","2003","Metric tons","25736.816",""
"Brazil","2003","Mil. USD","22.6218137025105",""
"Brazil","2002","Metric tons","16070.092",""
"Brazil","2002","Mil. USD","18.2520188043713",""
"Brazil","2001","Metric tons","15910.452",""
"Brazil","2001","Mil. USD","12.5837359017408",""
"Brazil","2000","Metric tons","22494.174",""
"Brazil","2000","Mil. USD","32.1874312097879",""
"Bulgaria","2009","Metric tons","1299",""
"Bulgaria","2007","Metric tons","1307",""
"Bulgaria","2007","Mil. USD","12.5957804135615",""
"Bulgaria","2006","Metric tons","1881",""
"Bulgaria","2006","Mil. USD","15.3918508700671",""
"Bulgaria","2005","Metric tons","4331",""
"Bulgaria","2005","Mil. USD","29.2224292732509",""
"Bulgaria","2004","Metric tons","1336",""
"Bulgaria","2004","Mil. USD","7.61852077213495",""
"Bulgaria","2003","Metric tons","346",""
"Bulgaria","2003","Mil. USD","1.73140019295493",""
"Bulgaria","2002","Metric tons","380",""
"Bulgaria","2002","Mil. USD","1.44440833423609",""
"Bulgaria","2001","Metric tons","266",""
"Bulgaria","2001","Mil. USD","0.91545400797208",""
"Bulgaria","2000","Metric tons","117",""
"Bulgaria","2000","Mil. USD","0.470970552566201",""
"Bulgaria","1999","Metric tons","109",""
"Bulgaria","1999","Mil. USD","0.44108437780783",""
"Bulgaria","1998","Metric tons","165",""
"Bulgaria","1998","Mil. USD","0.568066160772192",""
"Canada","2016","Mil. USD","18.5604396831146",""
"Canada","2015","Mil. USD","8.31288991503431",""
"Canada","2014","Mil. USD","7.53364320917455",""
"Canada","2013","Mil. USD","11.4061362624271",""
"Canada","2012","Mil. USD","37.5754998849292",""
"Canada","2011","Mil. USD","22.897723536268",""
"Canada","2010","Mil. USD","17.5613022517938",""
"Chile","2016","Metric tons","541.272",""
"Chile","2016","Mil. USD","3.89656731745567",""
"Chile","2015","Metric tons","619.061",""
"Chile","2015","Mil. USD","4.06351342779934",""
"Chile","2014","Metric tons","7.743",""
"Chile","2014","Mil. USD","0.132804833717091",""
"Chile","2013","Metric tons","21.25806",""
"Chile","2013","Mil. USD","0.436942965761952",""
"Chile","2012","Metric tons","49",""
"Chile","2012","Mil. USD","0.519985440029831",""
"Chile","2011","Metric tons","69",""
"Chile","2011","Mil. USD","0.631268367348806",""
"Chile","2010","Metric tons","186.085",""
"Chile","2010","Mil. USD","2.03103320436584",""
"Chile","2009","Metric tons","146.36",""
"Chile","2009","Mil. USD","1.7748568031981",""
"Chile","2008","Metric tons","700.635",""
"Chile","2008","Mil. USD","5.39465109681234",""
"Chile","2007","Metric tons","2140.554",""
"Chile","2007","Mil. USD","14.8620852785757",""
"Chile","2006","Metric tons","2068.961",""
"Chile","2006","Mil. USD","13.9646002983428",""
"Chile","2005","Metric tons","2476.222",""
"Chile","2005","Mil. USD","15.3265842217262",""
"China","1998","Metric tons","5420000",""
"China","1997","Metric tons","5598300",""
"China","1996","Metric tons","5122100",""
"China","1995","Metric tons","5422000",""
"China, Macao Special Administrative Region","2003","Metric tons","397",""
"China, Macao Special Administrative Region","2003","Mil. USD","2.99205565589216",""
"China, Macao Special Administrative Region","2001","Metric tons","6236",""
"China, Macao Special Administrative Region","2001","Mil. USD","47.5508806871227",""
"China, Macao Special Administrative Region","2000","Metric tons","6252",""
"China, Macao Special Administrative Region","2000","Mil. USD","49.5894541422146",""
"China, Macao Special Administrative Region","1999","Metric tons","4957",""
"China, Macao Special Administrative Region","1999","Mil. USD","40.6664289244668",""
"China, Macao Special Administrative Region","1998","Metric tons","3246",""
"China, Macao Special Administrative Region","1998","Mil. USD","30.5811675154472",""
"China, Macao Special Administrative Region","1997","Metric tons","9719",""
"China, Macao Special Administrative Region","1997","Mil. USD","43.3839932708835",""
"China, Macao Special Administrative Region","1996","Metric tons","9494",""
"China, Macao Special Administrative Region","1996","Mil. USD","38.2858003615184",""
"Croatia","2016","Metric tons","11",""
"Croatia","2016","Mil. USD","0","3"
"Croatia","2015","Metric tons","15",""
"Croatia","2014","Metric tons","17",""
"Croatia","2013","Metric tons","12",""
"Croatia","2012","Metric tons","13",""
"Croatia","2011","Metric tons","18",""
"Croatia","2010","Metric tons","16",""
"Croatia","2009","Metric tons","28",""
"Croatia","2008","Metric tons","42",""
"Croatia","2007","Metric tons","63",""
"Croatia","2006","Metric tons","69",""
"Croatia","2005","Metric tons","95.282",""
"Croatia","2004","Metric tons","77.764",""
"Czechia","2016","Metric tons","5518",""
"Czechia","2016","Mil. USD","95.0085072446362",""
"Czechia","2015","Metric tons","5709",""
"Czechia","2015","Mil. USD","82.2806036892118",""
"Czechia","2014","Metric tons","5968",""
"Czechia","2014","Mil. USD","105.07045646152",""
"Czechia","2013","Metric tons","5640",""
"Czechia","2013","Mil. USD","109.296691055759",""
"Czechia","2012","Metric tons","5364",""
"Czechia","2012","Mil. USD","107.11276033081",""
"Czechia","2011","Metric tons","5286",""
"Czechia","2011","Mil. USD","113.811563721706",""
"Czechia","2010","Metric tons","5164",""
"Czechia","2009","Metric tons","4412",""
"Czechia","2009","Mil. USD","64.4704401196034",""
"Czechia","2008","Metric tons","5843",""
"Czechia","2008","Mil. USD","106.726544957532",""
"Czechia","2007","Metric tons","6213",""
"Czechia","2007","Mil. USD","96.5325799510519",""
"Czechia","2006","Metric tons","5705",""
"Czechia","2006","Mil. USD","86.6983591926152",""
"Czechia","2005","Metric tons","6065",""
"Czechia","2005","Mil. USD","85.4850098612467",""
"Czechia","2004","Metric tons","7552",""
"Czechia","2004","Mil. USD","95.2538448817595",""
"Czechia","2003","Metric tons","6983",""
"Czechia","2003","Mil. USD","73.8062320535999",""
"Czechia","2002","Metric tons","8311",""
"Czechia","2002","Mil. USD","72.6972423054577",""
"Czechia","2001","Metric tons","10057",""
"Czechia","2001","Mil. USD","76.6392753193446",""
"Czechia","2000","Metric tons","12478",""
"Czechia","1999","Metric tons","9359",""
"Czechia","1998","Metric tons","12100",""
"Czechia","1997","Metric tons","15932",""
"Czechia","1996","Metric tons","17204",""
"Czechia","1995","Metric tons","16820",""
"Denmark","2016","Metric tons","0","3"
"Denmark","2016","Mil. USD","0","3"
"Denmark","2015","Metric tons","0",""
"Denmark","2015","Mil. USD","0.00089180783127881",""
"Denmark","2012","Metric tons","4191",""
"Denmark","2012","Mil. USD","30.4241241769019",""
"Denmark","2011","Metric tons","4756",""
"Denmark","2011","Mil. USD","34.1264381538545",""
"Denmark","2010","Metric tons","4645",""
"Denmark","2010","Mil. USD","28.0056720438472",""
"Denmark","2009","Metric tons","3758",""
"Denmark","2009","Mil. USD","23.1104423414124",""
"Denmark","2008","Metric tons","1791",""
"Denmark","2008","Mil. USD","14.1840220198351",""
"Denmark","2007","Metric tons","2003.347",""
"Denmark","2007","Mil. USD","14.5634380777415",""
"Denmark","2006","Metric tons","2420",""
"Denmark","2006","Mil. USD","15.7893896050719",""
"Denmark","2005","Metric tons","2354",""
"Denmark","2005","Mil. USD","15.7486105344252",""
"Denmark","2004","Metric tons","2720",""
"Denmark","2004","Mil. USD","18.1153352469264",""
"Denmark","2003","Metric tons","2446",""
"Denmark","2003","Mil. USD","14.6479637221437",""
"Denmark","2002","Metric tons","2541",""
"Denmark","2002","Mil. USD","12.051227947138",""
"Denmark","2001","Metric tons","2032",""
"Denmark","2001","Mil. USD","10.2632311714152",""
"Denmark","2000","Metric tons","2389",""
"Denmark","2000","Mil. USD","12.4039603813409",""
"Denmark","1999","Metric tons","2217",""
"Denmark","1999","Mil. USD","13.1724252605988",""
"Denmark","1998","Metric tons","2831",""
"Denmark","1998","Mil. USD","18.2311834161755",""
"Denmark","1997","Metric tons","3363",""
"Denmark","1997","Mil. USD","22.0346581495255",""
"Denmark","1996","Metric tons","3140",""
"Denmark","1996","Mil. USD","21.4919911255538",""
"Denmark","1995","Metric tons","3124",""
"Denmark","1995","Mil. USD","21.718321423684",""
"Ecuador","2015","Metric tons","228.391",""
"Ecuador","2015","Mil. USD","1.989002",""
"Ecuador","2012","Metric tons","63.573203374",""
"Ecuador","2012","Mil. USD","0.384467",""
"Ecuador","2011","Metric tons","79.932646452",""
"Ecuador","2011","Mil. USD","0.4",""
"Ecuador","2010","Metric tons","1305.387",""
"Ecuador","2008","Metric tons","118",""
"Ecuador","2008","Mil. USD","0.5",""
"Ecuador","2007","Metric tons","1281.701",""
"Ecuador","2007","Mil. USD","1.4",""
"Ecuador","2006","Metric tons","106.375",""
"Ecuador","2006","Mil. USD","0.50531934",""
"Ecuador","2005","Metric tons","170.457",""
"Ecuador","2005","Mil. USD","0.61650302",""
"Ecuador","2004","Metric tons","148.914",""
"Ecuador","2004","Mil. USD","0.50585876",""
"Egypt","2012","Metric tons","1433",""
"Egypt","2012","Mil. USD","8.6133581441639",""
"Egypt","2011","Metric tons","1554",""
"Egypt","2011","Mil. USD","12.147159230869",""
"Egypt","2009","Metric tons","2077",""
"Egypt","2009","Mil. USD","16.7485088213444",""
"Egypt","2008","Metric tons","1799",""
"Egypt","2008","Mil. USD","12.7052324689274",""
"Egypt","2006","Metric tons","4041",""
"Egypt","2006","Mil. USD","22.721648885142",""
"Egypt","2005","Metric tons","3719",""
"Egypt","2005","Mil. USD","11.1622876589854",""
"Egypt","2004","Metric tons","1433",""
"Egypt","2004","Mil. USD","4.47835986599403",""
"Egypt","2003","Metric tons","7947",""
"Egypt","2003","Mil. USD","19.2707928301322",""
"Egypt","2002","Metric tons","2921",""
"Egypt","2002","Mil. USD","8.28816949403659",""
"Egypt","2001","Metric tons","2533",""
"Egypt","2001","Mil. USD","9.05612886987163",""
"Egypt","2000","Metric tons","2962",""
"Egypt","2000","Mil. USD","10.7293961780504",""
"Egypt","1999","Metric tons","5439",""
"Egypt","1999","Mil. USD","30.3406229290921",""
"Estonia","2016","Metric tons","30","3"
"Estonia","2016","Mil. USD","0.685814058322743",""
"Estonia","2015","Metric tons","38",""
"Estonia","2015","Mil. USD","1.10906677817727",""
"Estonia","2014","Metric tons","37",""
"Estonia","2014","Mil. USD","1.32673374046042",""
"Estonia","2013","Metric tons","38",""
"Estonia","2013","Mil. USD","1.32774056786312",""
"Estonia","2012","Metric tons","39.9",""
"Estonia","2012","Mil. USD","1.28486214924642",""
"Estonia","2011","Metric tons","38",""
"Estonia","2011","Mil. USD","1.3901337815643",""
"Estonia","2010","Metric tons","101.4",""
"Estonia","2010","Mil. USD","0.677572866258778",""
"Estonia","2009","Metric tons","610.8",""
"Estonia","2009","Mil. USD","1.95426471853041",""
"Estonia","2008","Metric tons","772.8",""
"Estonia","2008","Mil. USD","2.80519515946336",""
"Estonia","2007","Metric tons","981.9",""
"Estonia","2007","Mil. USD","3.03834586745692",""
"Estonia","2006","Metric tons","1039.7",""
"Estonia","2006","Mil. USD","2.95897060368815",""
"Estonia","2005","Metric tons","1056.6",""
"Estonia","2005","Mil. USD","3.37052759996672",""
"Estonia","2004","Metric tons","1039.3",""
"Estonia","2004","Mil. USD","2.89967175703369",""
"Finland","2016","Metric tons","702",""
"Finland","2016","Mil. USD","16.5922756045825",""
"Finland","2015","Metric tons","698",""
"Finland","2015","Mil. USD","13.3088013381272",""
"Finland","2014","Metric tons","718",""
"Finland","2014","Mil. USD","15.9208048855251",""
"Finland","2013","Metric tons","676",""
"Finland","2013","Mil. USD","18.5883679500836",""
"Finland","2012","Metric tons","754",""
"Finland","2012","Mil. USD","16.7032079402034",""
"Finland","2011","Metric tons","697",""
"Finland","2011","Mil. USD","19.4618729419002",""
"Finland","2010","Metric tons","741",""
"Finland","2010","Mil. USD","17.217517931535",""
"Finland","2009","Metric tons","646",""
"Finland","2009","Mil. USD","16.6702933865694",""
"Finland","2008","Metric tons","552",""
"Finland","2008","Mil. USD","14.6482648842199",""
"Finland","2007","Metric tons","1633",""
"Finland","2007","Mil. USD","21.8986843681032",""
"Finland","2006","Metric tons","2044",""
"Finland","2006","Mil. USD","25.0896694331512",""
"Finland","2005","Metric tons","2050",""
"Finland","2005","Mil. USD","26.1155051484853",""
"Finland","2004","Metric tons","2054",""
"Finland","2004","Mil. USD","24.8334606048189",""
"Finland","2003","Metric tons","1899",""
"Finland","2003","Mil. USD","22.5724929719603",""
"Finland","2002","Metric tons","2220",""
"Finland","2002","Mil. USD","18.8226141160194",""
"Finland","2001","Metric tons","2010",""
"Finland","2001","Mil. USD","16.1072384139739",""
"Finland","2000","Metric tons","1894",""
"Finland","2000","Mil. USD","15.6624165726794",""
"Finland","1999","Metric tons","1979",""
"Finland","1999","Mil. USD","19.176941117569",""
"Finland","1998","Metric tons","2132",""
"Finland","1998","Mil. USD","21.1391239410567",""
"Finland","1997","Metric tons","3927",""
"Finland","1997","Mil. USD","26.3418091529606",""
"France","2004","Mil. USD","57.2427147939133",""
"France","2003","Mil. USD","44.3951875444984",""
"France","2002","Mil. USD","44.8154179169325",""
"France","2001","Mil. USD","88.8197913217779",""
"France","2000","Mil. USD","0",""
"Georgia","2003","Metric tons","11",""
"Georgia","2002","Metric tons","8",""
"Georgia","2001","Metric tons","5",""
"Georgia","2000","Metric tons","5",""
"Georgia","1999","Metric tons","40",""
"Georgia","1998","Metric tons","59",""
"Georgia","1997","Metric tons","61",""
"Georgia","1996","Metric tons","201",""
"Georgia","1995","Metric tons","323",""
"Germany","2016","Metric tons","2178.375",""
"Germany","2016","Mil. USD","25.5889237967753",""
"Germany","2015","Metric tons","2191.32",""
"Germany","2015","Mil. USD","24.2101347848634",""
"Germany","2013","Metric tons","2125.895",""
"Germany","2013","Mil. USD","33.7196539681833",""
"Germany","2012","Metric tons","2439.009",""
"Germany","2012","Mil. USD","36.4570499478789",""
"Germany","2011","Metric tons","3931.146",""
"Germany","2011","Mil. USD","65.5758911921124",""
"Germany","2010","Metric tons","3687.872",""
"Germany","2010","Mil. USD","46.9057953525352",""
"Germany","2009","Metric tons","2176.57",""
"Germany","2009","Mil. USD","26.6519482873521",""
"Germany","2008","Metric tons","3191.806",""
"Germany","2008","Mil. USD","44.2274592904775",""
"Germany","2007","Metric tons","4395.97",""
"Germany","2007","Mil. USD","59.3272669415408",""
"Germany","2006","Metric tons","4251.271",""
"Germany","2006","Mil. USD","49.0625136294402",""
"Germany","2005","Metric tons","4931.607",""
"Germany","2005","Mil. USD","62.8249303586529",""
"Germany","2004","Metric tons","6289.966",""
"Germany","2004","Mil. USD","79.1927896047134",""
"Germany","2003","Metric tons","7390.324",""
"Germany","2003","Mil. USD","90.3053042536922",""
"Germany","2002","Metric tons","10248.877",""
"Germany","2002","Mil. USD","103.680876380913",""
"Germany","2001","Metric tons","12770.809",""
"Germany","2001","Mil. USD","120.920016099185",""
"Germany","2000","Metric tons","13278.218",""
"Germany","2000","Mil. USD","127.532165217612",""
"Germany","1999","Metric tons","15581.207",""
"Germany","1999","Mil. USD","168.375417839512",""
"Germany","1998","Metric tons","23125.366",""
"Germany","1998","Mil. USD","269.431922256145",""
"Germany","1997","Metric tons","26165.502",""
"Germany","1997","Mil. USD","329.998351264699",""
"Germany","1996","Metric tons","25821.292",""
"Germany","1996","Mil. USD","346.555687592518",""
"Germany","1995","Metric tons","30885.401",""
"Germany","1995","Mil. USD","453.248486793503",""
"Hungary","2010","Metric tons","560",""
"Hungary","2010","Mil. USD","2.06305378446939",""
"Hungary","2008","Metric tons","10",""
"Hungary","2008","Mil. USD","0.133632877561297",""
"Hungary","2006","Metric tons","973",""
"Hungary","2006","Mil. USD","4.33005370977708",""
"Hungary","2005","Metric tons","937",""
"Hungary","2005","Mil. USD","1.42798091014994",""
"Hungary","2004","Metric tons","817",""
"Hungary","2004","Mil. USD","1.36131034341027",""
"Hungary","2003","Metric tons","633",""
"Hungary","2003","Mil. USD","0.557272781311299",""
"Hungary","2002","Metric tons","229",""
"Hungary","2002","Mil. USD","0.325724478453067",""
"India","2015","Mil. USD","392.418721083299",""
"India","2014","Mil. USD","249.726794238042",""
"India","2013","Mil. USD","229.375481362195",""
"India","2012","Mil. USD","351.478734127675",""
"India","2011","Mil. USD","246.889492384863",""
"India","2005","Metric tons","52270.331",""
"India","2005","Mil. USD","194.858234976324",""
"India","2004","Metric tons","45062.427",""
"India","2004","Mil. USD","151.886000239795",""
"India","2003","Metric tons","29567.058",""
"India","2003","Mil. USD","65.3872083192359",""
"Indonesia","2012","Mil. USD","7.6378856269352",""
"Iran (Islamic Republic of)","2008","Metric tons","3832",""
"Iran (Islamic Republic of)","2007","Metric tons","3359",""
"Iran (Islamic Republic of)","2004","Metric tons","30408",""
"Iran (Islamic Republic of)","2003","Metric tons","30099",""
"Iran (Islamic Republic of)","2002","Metric tons","29511",""
"Iran (Islamic Republic of)","2001","Metric tons","28394",""
"Iran (Islamic Republic of)","2000","Metric tons","28113",""
"Iran (Islamic Republic of)","1999","Metric tons","24506",""
"Iran (Islamic Republic of)","1998","Metric tons","27506",""
"Ireland","2004","Metric tons","0","4"
"Ireland","2004","Mil. USD","0","4"
"Ireland","2003","Metric tons","0","4"
"Ireland","2003","Mil. USD","0","4"
"Ireland","2002","Metric tons","0","4"
"Ireland","2002","Mil. USD","0","4"
"Ireland","2001","Metric tons","2.474","4"
"Ireland","2001","Mil. USD","0.0157296131578241","4"
"Ireland","2000","Metric tons","8.021","4"
"Ireland","2000","Mil. USD","0.0524893645281583","4"
"Ireland","1999","Metric tons","15.513","4"
"Ireland","1999","Mil. USD","0.117394841208051","4"
"Ireland","1998","Metric tons","19.628","4"
"Ireland","1998","Mil. USD","0.156361965185239","4"
"Ireland","1997","Metric tons","75.552","4"
"Ireland","1997","Mil. USD","0.640760102984574","4"
"Ireland","1996","Metric tons","48.782","4"
"Ireland","1996","Mil. USD","0.62418733433862","4"
"Ireland","1995","Metric tons","111.426","4"
"Ireland","1995","Mil. USD","1.57937287996472","4"
"Italy","2016","Metric tons","42327.56","3"
"Italy","2016","Mil. USD","715.198978418458","3"
"Italy","2004","Metric tons","178463.33",""
"Italy","2004","Mil. USD","1308.16089599126",""
"Italy","2003","Metric tons","180021.587",""
"Italy","2003","Mil. USD","1234.95576261638",""
"Japan","2016","Metric tons","11050",""
"Japan","2016","Mil. USD","190.113509245548",""
"Japan","2015","Metric tons","12428",""
"Japan","2015","Mil. USD","179.918008130161",""
"Japan","2014","Metric tons","11395",""
"Japan","2014","Mil. USD","190.325562143547",""
"Japan","2013","Metric tons","11558",""
"Japan","2013","Mil. USD","184.137289677801",""
"Japan","2012","Metric tons","11888",""
"Japan","2012","Mil. USD","232.834856542104",""
"Japan","2011","Metric tons","11536",""
"Japan","2011","Mil. USD","235.944150098093",""
"Japan","2010","Metric tons","10193",""
"Japan","2010","Mil. USD","175.769218172161",""
"Japan","2009","Metric tons","8226",""
"Japan","2009","Mil. USD","129.827812696631",""
"Japan","2008","Metric tons","13899",""
"Japan","2008","Mil. USD","214.784333278746",""
"Japan","2007","Mil. USD","249.716507081333",""
"Japan","2006","Mil. USD","257.267214837485",""
"Japan","2005","Mil. USD","267.024836957146",""
"Japan","2004","Mil. USD","314.938449677724",""
"Japan","2003","Mil. USD","323.978932829984",""
"Japan","2002","Mil. USD","306.552414301304",""
"Japan","2001","Mil. USD","381.020332624867",""
"Japan","2000","Mil. USD","526.782698340112",""
"Japan","1999","Mil. USD","626.91601261224",""
"Japan","1998","Mil. USD","657.154443417469",""
"Japan","1997","Mil. USD","857.651543727114",""
"Kazakhstan","2016","Metric tons","10",""
"Kazakhstan","2013","Metric tons","37",""
"Kazakhstan","2012","Metric tons","56",""
"Kazakhstan","2011","Metric tons","54",""
"Kazakhstan","2010","Metric tons","70",""
"Kazakhstan","2009","Metric tons","134",""
"Kazakhstan","2008","Metric tons","79",""
"Kazakhstan","2007","Metric tons","148",""
"Kazakhstan","2006","Metric tons","195",""
"Kazakhstan","2005","Metric tons","350",""
"Kazakhstan","2004","Metric tons","269",""
"Kazakhstan","2003","Metric tons","367",""
"Kazakhstan","2002","Metric tons","389",""
"Kazakhstan","2001","Metric tons","510",""
"Kazakhstan","2000","Metric tons","319",""
"Kazakhstan","1999","Metric tons","1428",""
"Kazakhstan","1998","Metric tons","455",""
"Kyrgyzstan","2016","Metric tons","412.3",""
"Kyrgyzstan","2015","Metric tons","503.3",""
"Kyrgyzstan","2014","Metric tons","479.6",""
"Kyrgyzstan","2013","Metric tons","538.9",""
"Kyrgyzstan","2012","Metric tons","468.1",""
"Kyrgyzstan","2011","Metric tons","386.4",""
"Kyrgyzstan","2010","Metric tons","412.2",""
"Kyrgyzstan","2009","Metric tons","272.9",""
"Kyrgyzstan","2008","Metric tons","414.9",""
"Kyrgyzstan","2007","Metric tons","766.1",""
"Kyrgyzstan","2006","Metric tons","801.8",""
"Kyrgyzstan","2005","Metric tons","347",""
"Kyrgyzstan","2004","Metric tons","171.2",""
"Kyrgyzstan","2003","Metric tons","138.9",""
"Kyrgyzstan","2002","Metric tons","182.1",""
"Kyrgyzstan","2001","Metric tons","322.2",""
"Kyrgyzstan","2000","Metric tons","448.5",""
"Kyrgyzstan","1999","Metric tons","543.7",""
"Kyrgyzstan","1998","Metric tons","1256.4",""
"Kyrgyzstan","1997","Metric tons","2127.9",""
"Latvia","2015","Metric tons","53.558",""
"Latvia","2015","Mil. USD","0.582372074287662",""
"Latvia","2000","Metric tons","267.2",""
"Latvia","1999","Metric tons","241.9",""
"Lithuania","2016","Metric tons","10666.384","3"
"Lithuania","2016","Mil. USD","39.1577704268147","3"
"Lithuania","2015","Metric tons","9081.612",""
"Lithuania","2015","Mil. USD","35.030532110893",""
"Lithuania","2014","Metric tons","8339.224",""
"Lithuania","2014","Mil. USD","37.4615384615385",""
"Lithuania","2013","Metric tons","6992.936",""
"Lithuania","2013","Mil. USD","32.7180804922089",""
"Lithuania","2012","Metric tons","6640.694",""
"Lithuania","2012","Mil. USD","29.8552834600915",""
"Lithuania","2011","Metric tons","7513.983",""
"Lithuania","2011","Mil. USD","33.101808581877",""
"Lithuania","2010","Metric tons","7114.776",""
"Lithuania","2010","Mil. USD","25.9560429722471",""
"Lithuania","2009","Metric tons","6026.954",""
"Lithuania","2009","Mil. USD","23.1162759490614",""
"Lithuania","2008","Metric tons","4105.8",""
"Lithuania","2008","Mil. USD","22.6551976496293",""
"Lithuania","2007","Metric tons","6090.3",""
"Lithuania","2007","Mil. USD","25.6367076444541",""
"Lithuania","2006","Metric tons","4871.7",""
"Lithuania","2006","Mil. USD","10.6095976891424",""
"Lithuania","2005","Metric tons","4190.3",""
"Lithuania","2005","Mil. USD","13.950847595101",""
"Lithuania","2004","Metric tons","4548.7",""
"Lithuania","2004","Mil. USD","20.2115257244411",""
"Lithuania","2003","Metric tons","2627.5",""
"Lithuania","2003","Mil. USD","17.5767211900769",""
"Lithuania","2002","Metric tons","2664.8",""
"Lithuania","2002","Mil. USD","15.9642820719118",""
"Lithuania","2001","Metric tons","1783.8",""
"Lithuania","2001","Mil. USD","11.8",""
"Lithuania","2000","Metric tons","1012.5",""
"Lithuania","2000","Mil. USD","7.375",""
"Lithuania","1999","Metric tons","1333.6",""
"Lithuania","1999","Mil. USD","10.35",""
"Lithuania","1998","Metric tons","973",""
"Lithuania","1998","Mil. USD","7.775",""
"Lithuania","1997","Metric tons","235.7",""
"Lithuania","1997","Mil. USD","1.325",""
"Luxembourg","2016","Metric tons","0","3"
"Luxembourg","2016","Mil. USD","0","3"
"Malta","2016","Metric tons","0","3"
"Malta","2016","Mil. USD","0","3"
"Mexico","2016","Metric tons","0",""
"Mexico","2016","Mil. USD","0",""
"Mexico","2015","Metric tons","0",""
"Mexico","2015","Mil. USD","0",""
"Mexico","2014","Metric tons","0",""
"Mexico","2014","Mil. USD","0",""
"Mexico","2013","Metric tons","0",""
"Mexico","2013","Mil. USD","0",""
"Mexico","2012","Metric tons","0",""
"Mexico","2012","Mil. USD","0",""
"Mexico","2011","Metric tons","0",""
"Mexico","2011","Mil. USD","0",""
"Mexico","2010","Metric tons","0",""
"Mexico","2010","Mil. USD","0",""
"Mexico","2009","Metric tons","0",""
"Mexico","2009","Mil. USD","0",""
"Mexico","2008","Metric tons","0",""
"Mexico","2008","Mil. USD","0",""
"Mexico","2007","Metric tons","0",""
"Mexico","2007","Mil. USD","0",""
"Mexico","2006","Metric tons","0",""
"Mexico","2006","Mil. USD","0",""
"Mexico","2005","Metric tons","0",""
"Mexico","2005","Mil. USD","0",""
"Mexico","2004","Metric tons","0",""
"Mexico","2004","Mil. USD","0",""
"Mexico","2003","Metric tons","0",""
"Mexico","2003","Mil. USD","0",""
"Mexico","2002","Metric tons","0",""
"Mexico","2002","Mil. USD","0",""
"Mexico","2001","Metric tons","0",""
"Mexico","2001","Mil. USD","0",""
"Mexico","2000","Metric tons","0",""
"Mexico","2000","Mil. USD","0",""
"Mexico","1999","Metric tons","0",""
"Mexico","1999","Mil. USD","0",""
"Mexico","1997","Metric tons","0",""
"Mexico","1997","Mil. USD","0",""
"Mexico","1996","Metric tons","0",""
"Mexico","1996","Mil. USD","0",""
"Mexico","1995","Metric tons","0",""
"Mexico","1995","Mil. USD","0",""
"Mongolia","2016","Metric tons","12.7",""
"Mongolia","2016","Mil. USD","0.104603072304662",""
"Mongolia","2015","Metric tons","25.6",""
"Mongolia","2015","Mil. USD","0.323876836533035",""
"Mongolia","2014","Metric tons","35.9",""
"Mongolia","2014","Mil. USD","0.511559490926467",""
"Mongolia","2013","Metric tons","28.875",""
"Mongolia","2013","Mil. USD","0.553215687754175",""
"Mongolia","2012","Metric tons","11.6",""
"Mongolia","2012","Mil. USD","0.304245505509925",""
"Mongolia","2011","Metric tons","10",""
"Mongolia","2011","Mil. USD","0.295935601545889",""
"Mongolia","2010","Metric tons","90.2",""
"Mongolia","2010","Mil. USD","6.98189167267994",""
"Mongolia","2009","Metric tons","56.4",""
"Mongolia","2009","Mil. USD","4.28062178544229",""
"Mongolia","2008","Metric tons","28.1",""
"Mongolia","2008","Mil. USD","2.47928432805681",""
"Mongolia","2007","Metric tons","32.8",""
"Mongolia","2007","Mil. USD","1.42489457671553",""
"Mongolia","2006","Metric tons","38.5",""
"Mongolia","2006","Mil. USD","0.933229870044549",""
"Montenegro","2016","Metric tons","0","3"
"Montenegro","2016","Mil. USD","0","3"
"Montenegro","2007","Metric tons","2",""
"Montenegro","2006","Metric tons","6",""
"Montenegro","2005","Metric tons","0",""
"Montenegro","2004","Metric tons","0",""
"Montenegro","2003","Metric tons","6",""
"Montenegro","2002","Metric tons","40",""
"Nepal","2011","Metric tons","48.8",""
"Nepal","2011","Mil. USD","0.160632964220333",""
"Netherlands","2016","Metric tons","0","3"
"Netherlands","2016","Mil. USD","0","3"
"New Zealand","2005","Metric tons","21727",""
"New Zealand","2004","Metric tons","22078",""
"New Zealand","2002","Metric tons","20334",""
"New Zealand","2001","Metric tons","16924",""
"New Zealand","2000","Metric tons","17503",""
"New Zealand","1999","Metric tons","17268",""
"New Zealand","1997","Metric tons","15639",""
"New Zealand","1996","Metric tons","16074",""
"New Zealand","1995","Metric tons","16550",""
"Norway","2006","Metric tons","930",""
"Norway","2006","Mil. USD","22.2972972972973",""
"Norway","2005","Metric tons","1097",""
"Norway","2005","Mil. USD","22.9724485836244",""
"Norway","2004","Metric tons","884",""
"Norway","2004","Mil. USD","19.9335888243293",""
"Norway","2003","Metric tons","859",""
"Norway","2003","Mil. USD","18.2771242876277",""
"Norway","2002","Metric tons","929",""
"Norway","2002","Mil. USD","18.966582512003",""
"Pakistan","2015","Metric tons","1670",""
"Pakistan","2014","Metric tons","1127",""
"Pakistan","2013","Metric tons","898",""
"Pakistan","2012","Metric tons","982",""
"Pakistan","2011","Metric tons","1228",""
"Pakistan","2010","Metric tons","1801",""
"Pakistan","2009","Metric tons","2254",""
"Pakistan","2008","Metric tons","2779",""
"Pakistan","2007","Metric tons","2535",""
"Pakistan","2006","Metric tons","2362",""
"Peru","2006","Metric tons","1060.637",""
"Peru","2005","Metric tons","945.7",""
"Peru","2004","Metric tons","1113.9",""
"Peru","2003","Metric tons","918.3",""
"Peru","2002","Metric tons","1004.9",""
"Peru","2001","Metric tons","655.5",""
"Peru","2000","Metric tons","568.7",""
"Peru","1999","Metric tons","318.7",""
"Peru","1998","Metric tons","412.8",""
"Peru","1997","Metric tons","93.1",""
"Peru","1996","Metric tons","146.4",""
"Peru","1995","Metric tons","408.6",""
"Poland","2016","Metric tons","5591.042","3"
"Poland","2016","Mil. USD","83.3955574601187",""
"Poland","2006","Metric tons","11436","5"
"Poland","2006","Mil. USD","75.5037206716814",""
"Poland","2005","Metric tons","12553","5"
"Poland","2005","Mil. USD","91.4546512885762",""
"Poland","2004","Metric tons","13175","5"
"Poland","2004","Mil. USD","107.254902407517",""
"Poland","2003","Metric tons","19654","5"
"Poland","2003","Mil. USD","92.9012682964458",""
"Poland","2002","Metric tons","8983","5"
"Poland","2002","Mil. USD","78.8964142449817",""
"Poland","2001","Metric tons","10318","5"
"Poland","2001","Mil. USD","73.3286108600601",""
"Poland","2000","Metric tons","9534","5"
"Poland","2000","Mil. USD","73.6756728772513",""
"Portugal","2016","Metric tons","3545.268",""
"Portugal","2016","Mil. USD","24.269226184317",""
"Portugal","2015","Metric tons","3907.896",""
"Portugal","2015","Mil. USD","29.2980473918918",""
"Portugal","2014","Metric tons","3557.1302",""
"Portugal","2014","Mil. USD","29.7563584699611",""
"Portugal","2013","Metric tons","3738.67197",""
"Portugal","2013","Mil. USD","28.8221859585588",""
"Portugal","2012","Metric tons","2871.881",""
"Portugal","2012","Mil. USD","22.4966218193261",""
"Portugal","2011","Metric tons","3442.671",""
"Portugal","2011","Mil. USD","25.3030844194579",""
"Portugal","2010","Metric tons","2961.8",""
"Portugal","2010","Mil. USD","19.1280041829807",""
"Portugal","2009","Metric tons","2331.746",""
"Portugal","2009","Mil. USD","15.5772542006077",""
"Portugal","2008","Metric tons","3239.484",""
"Portugal","2008","Mil. USD","24.756150655274",""
"Portugal","2007","Metric tons","3466.919",""
"Portugal","2007","Mil. USD","25.3615712306034",""
"Portugal","2006","Metric tons","3812.387",""
"Portugal","2006","Mil. USD","23.0449893316635",""
"Portugal","2005","Metric tons","4799.698",""
"Portugal","2005","Mil. USD","38.6571059045914",""
"Portugal","2004","Metric tons","3097",""
"Portugal","2004","Mil. USD","34.7668448467465",""
"Portugal","2003","Metric tons","3096",""
"Portugal","2003","Mil. USD","31.9580599318499",""
"Portugal","2002","Metric tons","4589",""
"Portugal","2002","Mil. USD","34.0659133438216",""
"Portugal","2001","Metric tons","4234",""
"Portugal","2001","Mil. USD","28.7721523744754",""
"Portugal","2000","Metric tons","3660",""
"Portugal","2000","Mil. USD","27.8699131887529",""
"Portugal","1999","Metric tons","3735",""
"Portugal","1999","Mil. USD","32.4109311366334",""
"Portugal","1998","Metric tons","3871",""
"Portugal","1998","Mil. USD","35.0718082203952",""
"Portugal","1997","Metric tons","4967",""
"Portugal","1997","Mil. USD","47.2891400700618",""
"Portugal","1996","Metric tons","3248",""
"Portugal","1996","Mil. USD","38.4479382818723",""
"Portugal","1995","Metric tons","2874",""
"Portugal","1995","Mil. USD","31.7316925549327",""
"Republic of Moldova","2016","Metric tons","443.8",""
"Republic of Moldova","2015","Metric tons","514.2",""
"Republic of Moldova","2010","Metric tons","927.9",""
"Republic of Moldova","2009","Metric tons","1093.6",""
"Republic of Moldova","2008","Metric tons","1670.6",""
"Republic of Moldova","2007","Metric tons","1681.5",""
"Republic of Moldova","2006","Metric tons","1394.3",""
"Republic of Moldova","2005","Metric tons","1121.1",""
"Republic of Moldova","2004","Metric tons","918.9",""
"Romania","2008","Metric tons","8738",""
"Romania","2008","Mil. USD","80.0533310395253",""
"Romania","2007","Metric tons","8006",""
"Romania","2007","Mil. USD","60.356813288219",""
"Romania","2006","Metric tons","6731",""
"Romania","2006","Mil. USD","42.6980105494871",""
"Romania","2005","Metric tons","8115",""
"Romania","2005","Mil. USD","57.3771106021026",""
"Romania","2004","Metric tons","7613",""
"Romania","2004","Mil. USD","47.8208978364301",""
"Romania","2003","Metric tons","8804",""
"Romania","2003","Mil. USD","53.9902462557498",""
"Romania","2002","Metric tons","4769",""
"Romania","2002","Mil. USD","15.4192518445532",""
"Russian Federation","2016","Metric tons","5118",""
"Russian Federation","2015","Metric tons","5039",""
"Russian Federation","2014","Metric tons","4323",""
"Russian Federation","2013","Metric tons","7729",""
"Russian Federation","2012","Metric tons","8562",""
"Russian Federation","2011","Metric tons","7914",""
"Russian Federation","2010","Metric tons","9650",""
"Russian Federation","2009","Metric tons","9232",""
"Russian Federation","2008","Metric tons","12440",""
"Russian Federation","2007","Metric tons","16256",""
"Russian Federation","2006","Metric tons","16904",""
"Russian Federation","2005","Metric tons","17265",""
"Russian Federation","2004","Metric tons","21560",""
"Russian Federation","2003","Metric tons","23945",""
"Russian Federation","2002","Metric tons","24164",""
"Russian Federation","2001","Metric tons","30167",""
"Russian Federation","2000","Metric tons","31076",""
"Russian Federation","1999","Metric tons","29231",""
"Russian Federation","1998","Metric tons","23470",""
"Russian Federation","1997","Metric tons","27675",""
"Russian Federation","1996","Metric tons","29366",""
"Russian Federation","1995","Metric tons","43989",""
"Serbia","2016","Metric tons","0","3"
"Serbia","2016","Mil. USD","0","3"
"Serbia","2010","Metric tons","33",""
"Serbia","2009","Metric tons","265",""
"Serbia","2008","Metric tons","212",""
"Serbia","2007","Metric tons","300",""
"Serbia","2006","Metric tons","477",""
"Slovenia","2003","Metric tons","0",""
"Slovenia","2003","Mil. USD","0",""
"Slovenia","2002","Metric tons","0",""
"Slovenia","2002","Mil. USD","0",""
"Slovenia","2000","Metric tons","69",""
"Slovenia","2000","Mil. USD","0.632851868713238",""
"Slovenia","1999","Metric tons","247",""
"Slovenia","1999","Mil. USD","1.68356515418326",""
"Slovenia","1998","Metric tons","91",""
"Slovenia","1997","Metric tons","36",""
"Slovenia","1996","Metric tons","39",""
"Slovenia","1995","Metric tons","79",""
"Spain","2015","Metric tons","3538",""
"Spain","2015","Mil. USD","23.2904023417226",""
"Spain","2014","Metric tons","3139",""
"Spain","2014","Mil. USD","25.207941068748",""
"Spain","2013","Metric tons","2981",""
"Spain","2013","Mil. USD","25.2270707893992",""
"Spain","2010","Metric tons","3592",""
"Spain","2010","Mil. USD","27.8129135817105",""
"Spain","2004","Metric tons","11177",""
"Spain","2004","Mil. USD","48.4252481793969",""
"Sweden","2016","Metric tons","0",""
"Sweden","2016","Mil. USD","0",""
"Sweden","2015","Metric tons","0",""
"Sweden","2015","Mil. USD","0",""
"Sweden","2014","Metric tons","0",""
"Sweden","2014","Mil. USD","0",""
"Sweden","2013","Metric tons","0",""
"Sweden","2013","Mil. USD","0",""
"Sweden","2012","Metric tons","0",""
"Sweden","2012","Mil. USD","0",""
"Sweden","2011","Metric tons","0",""
"Sweden","2011","Mil. USD","0",""
"Sweden","2010","Metric tons","0",""
"Sweden","2010","Mil. USD","0",""
"Sweden","2009","Metric tons","0",""
"Sweden","2009","Mil. USD","0",""
"Sweden","2008","Metric tons","0",""
"Sweden","2008","Mil. USD","0",""
"Sweden","2007","Metric tons","0",""
"Sweden","2007","Mil. USD","0",""
"Sweden","2006","Metric tons","0",""
"Sweden","2006","Mil. USD","0",""
"Sweden","2005","Metric tons","0",""
"Sweden","2005","Mil. USD","0",""
"Syrian Arab Republic","2008","Metric tons","3472",""
"Syrian Arab Republic","2007","Metric tons","3354",""
"Syrian Arab Republic","2006","Metric tons","3521",""
"Syrian Arab Republic","2005","Metric tons","3478",""
"Syrian Arab Republic","2004","Metric tons","3261",""
"Syrian Arab Republic","2003","Metric tons","2353",""
"Syrian Arab Republic","2002","Metric tons","2675",""
"Syrian Arab Republic","2001","Metric tons","2744",""
"Syrian Arab Republic","2000","Metric tons","2364",""
"Syrian Arab Republic","1999","Metric tons","1745",""
"Syrian Arab Republic","1998","Metric tons","805",""
"Tajikistan","2012","Metric tons","15",""
"Tajikistan","2011","Metric tons","126",""
"Tajikistan","2010","Metric tons","101",""
"Tajikistan","2009","Metric tons","73.9",""
"Tajikistan","2008","Metric tons","100",""
"Tajikistan","2007","Metric tons","343",""
"Tajikistan","2006","Metric tons","377",""
"Tajikistan","2005","Metric tons","470",""
"Tajikistan","2004","Metric tons","500",""
"Tajikistan","2003","Metric tons","588",""
"Tajikistan","2002","Metric tons","688",""
"Tajikistan","2001","Metric tons","593",""
"Tajikistan","2000","Metric tons","515",""
"Tajikistan","1999","Metric tons","794",""
"Tajikistan","1998","Metric tons","1060",""
"Tajikistan","1997","Metric tons","806",""
"Tajikistan","1996","Metric tons","334",""
"Tajikistan","1995","Metric tons","625",""
"The former Yugoslav Republic of Macedonia","2016","Metric tons","0",""
"The former Yugoslav Republic of Macedonia","2016","Mil. USD","0","3"
"The former Yugoslav Republic of Macedonia","2015","Metric tons","0",""
"The former Yugoslav Republic of Macedonia","2014","Metric tons","0",""
"The former Yugoslav Republic of Macedonia","2013","Metric tons","0",""
"The former Yugoslav Republic of Macedonia","2012","Metric tons","0",""
"The former Yugoslav Republic of Macedonia","2011","Metric tons","0",""
"The former Yugoslav Republic of Macedonia","2010","Metric tons","0",""
"The former Yugoslav Republic of Macedonia","2009","Metric tons","158",""
"The former Yugoslav Republic of Macedonia","2008","Metric tons","143",""
"The former Yugoslav Republic of Macedonia","2007","Metric tons","170",""
"The former Yugoslav Republic of Macedonia","2006","Metric tons","135",""
"The former Yugoslav Republic of Macedonia","2005","Metric tons","158",""
"The former Yugoslav Republic of Macedonia","2004","Metric tons","138",""
"The former Yugoslav Republic of Macedonia","2003","Metric tons","192",""
"The former Yugoslav Republic of Macedonia","2002","Metric tons","272",""
"The former Yugoslav Republic of Macedonia","2001","Metric tons","395",""
"Turkey","2016","Metric tons","68049",""
"Turkey","2016","Mil. USD","302.304392413156",""
"Turkey","2015","Metric tons","69795.044",""
"Turkey","2015","Mil. USD","315.954891741428",""
"Turkey","2014","Metric tons","260946.68",""
"Turkey","2014","Mil. USD","911.748378093351",""
"Turkey","2013","Metric tons","94867.531",""
"Turkey","2013","Mil. USD","463.764433360056",""
"Turkey","2012","Metric tons","75870.821",""
"Turkey","2012","Mil. USD","357.906267989243",""
"Turkey","2011","Metric tons","70945.691",""
"Turkey","2011","Mil. USD","424.763298189734",""
"Turkey","2010","Metric tons","75776.314",""
"Turkey","2010","Mil. USD","447.959986121201",""
"Turkey","2009","Metric tons","53078",""
"Turkey","2009","Mil. USD","268.910204344498",""
"Turkey","2008","Metric tons","70167",""
"Turkey","2008","Mil. USD","382.321707676973",""
"Turkey","2007","Metric tons","64897",""
"Turkey","2007","Mil. USD","378.761450801569",""
"Turkey","2006","Metric tons","67039",""
"Turkey","2006","Mil. USD","313.835926193963",""
"Turkey","2005","Metric tons","78925","6"
"Turkey","2005","Mil. USD","290.789603990073",""
"Turkey","2003","Metric tons","37100",""
"Turkey","2002","Metric tons","36700",""
"Turkey","2001","Metric tons","34500",""
"Turkey","2000","Metric tons","37100",""
"Turkey","1999","Metric tons","38800",""
"Turkey","1998","Metric tons","55100",""
"Turkey","1997","Metric tons","64900",""
"Turkey","1996","Metric tons","55700",""
"Turkey","1995","Metric tons","52200","7"
"Turkmenistan","2002","Metric tons","500","7"
"Turkmenistan","2001","Metric tons","400","7"
"Turkmenistan","2000","Metric tons","500","7"
"Turkmenistan","1999","Metric tons","500","7"
"Turkmenistan","1998","Metric tons","700","7"
"Turkmenistan","1997","Metric tons","500","7"
"Turkmenistan","1996","Metric tons","300","7"
"Turkmenistan","1995","Metric tons","2000","7"
"Ukraine","2016","Metric tons","2252",""
"Ukraine","2015","Metric tons","2646",""
"Ukraine","2014","Metric tons","2456",""
"Ukraine","2013","Metric tons","1936",""
"Ukraine","2012","Metric tons","1812",""
"Ukraine","2011","Metric tons","1650",""
"Ukraine","2010","Metric tons","1322",""
"Ukraine","2009","Metric tons","549",""
"Ukraine","2008","Metric tons","993",""
"Ukraine","2007","Metric tons","920",""
"Ukraine","2006","Metric tons","969",""
"Ukraine","2005","Metric tons","1069",""
"Ukraine","2004","Metric tons","871",""
"Ukraine","2003","Metric tons","794",""
"United Kingdom","2016","Mil. USD","148.429495714096","3"
"United Kingdom","2014","Metric tons","15566",""
"United Kingdom","2012","Metric tons","17866.709",""
"United Kingdom","2012","Mil. USD","180.233067627702",""
"United Kingdom","2010","Metric tons","17012.746",""
"United Kingdom","2010","Mil. USD","156.220992980687",""
"United Kingdom","2009","Metric tons","22119.246",""
"United Kingdom","2009","Mil. USD","172.334756551032",""
"United Kingdom","2008","Metric tons","31595.187",""
"United Kingdom","2008","Mil. USD","276.909573583488",""
"United Kingdom","2007","Metric tons","33674.061",""
"United States of America","2010","Metric tons","6149","8"
"United States of America","2009","Metric tons","5480","8"
"United States of America","2008","Metric tons","8583","8"
"United States of America","2007","Metric tons","8506","8"
"United States of America","2006","Metric tons","8446","9"
"United States of America","2005","Metric tons","10714","9"
"United States of America","2004","Metric tons","15672","9"
"United States of America","2003","Metric tons","13788","9"
"United States of America","2002","Metric tons","18848","9"
"United States of America","2001","Metric tons","25732","9"
"United States of America","2000","Metric tons","28706","9"
"United States of America","1999","Metric tons","35524","9"
"United States of America","1998","Metric tons","42160","9"
"United States of America","1997","Metric tons","49313","9"
"United States of America","1996","Metric tons","51397","9"
"United States of America","1995","Metric tons","58279","9"
"Uruguay","2013","Mil. USD","1.18643026506893",""
"Uruguay","2012","Mil. USD","1.09991959687437",""
"Uruguay","2010","Mil. USD","1.33703735553753",""
"Uruguay","2003","Mil. USD","1.28538343642413",""
"Uruguay","2001","Mil. USD","2.15755029542749",""
"Uruguay","2000","Mil. USD","1.79368115246313",""
"Uruguay","1999","Mil. USD","2.3558404601695",""
"Uruguay","1998","Mil. USD","4.93553735387503",""
"Uruguay","1997","Mil. USD","7.58897469223845",""
"Uzbekistan","2016","Metric tons","14.7",""
"Uzbekistan","2016","Mil. USD","0.0383499349429806",""
"Viet Nam","2010","Metric tons","3536",""
"Viet Nam","2009","Metric tons","5905",""
"Viet Nam","2008","Metric tons","6011",""
"Viet Nam","2007","Metric tons","4828",""
"Viet Nam","2006","Metric tons","2421",""
"Viet Nam","2005","Metric tons","2983",""
"Viet Nam","2004","Metric tons","4456",""
"Viet Nam","2003","Metric tons","2846",""
"Viet Nam","2002","Metric tons","1818",""
"Viet Nam","2001","Metric tons","2013",""
"Viet Nam","2000","Metric tons","2683",""
"Viet Nam","1999","Metric tons","3406",""
"Viet Nam","1998","Metric tons","2243",""
"Viet Nam","1997","Metric tons","1696",""
"Viet Nam","1996","Metric tons","1585",""
"Viet Nam","1995","Metric tons","1160",""

"fnSeqID","Footnote"
"1","Twelve months ending 30 June of year stated."
"2","Includes yarn of 20% wool or less."
"3","Calculated by the Statistics Division of the United Nations, based on Prodcom data."
"4","Excluding Prodcom 2002 Z codes."
"5","Data calculated from components (no aggregations)."
"6","Break in series; data prior to the sign not comparable to following years."
"7","Source: Statistical Yearbook for Asia and the Pacific, United Nations Economic and Social Commission for Asia and the Pacific (Bangkok)."
"8","Spun yarn only. Additionally, man-made spun yarn includes yarn of silk and other natural fibres of HS 2007 codes 5004-5006. Data excludes finishing only."
"9","Spun yarn only. Additionally, man-made spun yarn includes yarn of silk and other natural fibres of HS 2002 codes 5004-5006. Data excludes finishing only."
